{
  "Workflows": [
    {
      "Path": null,
      "SortBy": 0,
      "VariablesSectionElementsOrder": [],
      "ArgumentsSectionElementsOrder": null,
      "ConstantsSectionElementsOrder": [],
      "AddedNamespaces": null
    },
    {
      "Path": "Main.xaml",
      "SortBy": 0,
      "VariablesSectionElementsOrder": [],
      "ArgumentsSectionElementsOrder": [],
      "ConstantsSectionElementsOrder": [],
      "AddedNamespaces": null
    },
    {
      "Path": "01_이론/01.변수.xaml",
      "SortBy": 0,
      "VariablesSectionElementsOrder": [
        "str날짜&Sequence_1",
        "str인사&Sequence_1"
      ],
      "ArgumentsSectionElementsOrder": [],
      "ConstantsSectionElementsOrder": [],
      "AddedNamespaces": null
    },
    {
      "Path": "02_실습/01.변수_스트링.xaml",
      "SortBy": 0,
      "VariablesSectionElementsOrder": [
        "str날씨&Sequence_5",
        "str내일&Sequence_2",
        "str내일날짜&Sequence_2"
      ],
      "ArgumentsSectionElementsOrder": [],
      "ConstantsSectionElementsOrder": [],
      "AddedNamespaces": null
    },
    {
      "Path": "01_이론/01.다양한 변수의 활용.xaml",
      "SortBy": 0,
      "VariablesSectionElementsOrder": [
        "obj다양한그릇&Sequence_1",
        "lst문자배열&Sequence_1",
        "idx&Sequence_1",
        "arr문자배열&Sequence_1",
        "arr숫자배열&Sequence_1",
        "bl논리형변수&Sequence_1",
        "int나이&Sequence_1",
        "str이름&Sequence_1"
      ],
      "ArgumentsSectionElementsOrder": [],
      "ConstantsSectionElementsOrder": [],
      "AddedNamespaces": null
    },
    {
      "Path": "02_실습/01.변수의 다양한 타입_활용.xaml",
      "SortBy": 0,
      "VariablesSectionElementsOrder": [
        "arr취미출력&Sequence_1",
        "lst취미출력&Sequence_1",
        "bl성인여부&Sequence_1",
        "int나이&Sequence_1",
        "str이름&Sequence_1"
      ],
      "ArgumentsSectionElementsOrder": [],
      "ConstantsSectionElementsOrder": [],
      "AddedNamespaces": null
    },
    {
      "Path": "01_이론/02.브라우저자동화_모던.xaml",
      "SortBy": 0,
      "VariablesSectionElementsOrder": [
        "str추출한기온&Sequence_1"
      ],
      "ArgumentsSectionElementsOrder": [],
      "ConstantsSectionElementsOrder": [],
      "AddedNamespaces": null
    },
    {
      "Path": "01_이론/02.브라우저자동화_클래식.xaml",
      "SortBy": 0,
      "VariablesSectionElementsOrder": [
        "str추출된온도&Sequence_1",
        "str검색어&Sequence_1"
      ],
      "ArgumentsSectionElementsOrder": [],
      "ConstantsSectionElementsOrder": [],
      "AddedNamespaces": null
    },
    {
      "Path": "99_복습/02.브라우저자동화_모던_복습.xaml",
      "SortBy": 0,
      "VariablesSectionElementsOrder": [
        "str추출한기온&Sequence_1"
      ],
      "ArgumentsSectionElementsOrder": [],
      "ConstantsSectionElementsOrder": [],
      "AddedNamespaces": null
    },
    {
      "Path": "99_복습/02.브라우저자동화_클래식_복습.xaml",
      "SortBy": 0,
      "VariablesSectionElementsOrder": [
        "str추출한기온&Sequence_1"
      ],
      "ArgumentsSectionElementsOrder": [],
      "ConstantsSectionElementsOrder": [],
      "AddedNamespaces": null
    },
    {
      "Path": "99_복습/01.다양한 변수의 활용_복습.xaml",
      "SortBy": 0,
      "VariablesSectionElementsOrder": [
        "arr취미&Sequence_1",
        "str취미출력&Sequence_1",
        "bl성인여부&Sequence_1",
        "int나이&Sequence_1",
        "str이름&Sequence_1"
      ],
      "ArgumentsSectionElementsOrder": [],
      "ConstantsSectionElementsOrder": [],
      "AddedNamespaces": null
    },
    {
      "Path": "02_실습/02.브라우저자동화_반복문_모던.xaml",
      "SortBy": 0,
      "VariablesSectionElementsOrder": [
        "str추출한기온&Sequence_1",
        "arr도시목록&Sequence_1"
      ],
      "ArgumentsSectionElementsOrder": [],
      "ConstantsSectionElementsOrder": [],
      "AddedNamespaces": null
    },
    {
      "Path": "02_실습/02.브라우저자동화_반복문_클래식.xaml",
      "SortBy": 0,
      "VariablesSectionElementsOrder": [
        "str추출한온도&Sequence_1",
        "arr도시목록&Sequence_1"
      ],
      "ArgumentsSectionElementsOrder": [],
      "ConstantsSectionElementsOrder": [],
      "AddedNamespaces": null
    },
    {
      "Path": "01_이론/03.DT추출_네이버뉴스.xaml",
      "SortBy": 0,
      "VariablesSectionElementsOrder": [
        "ExtractDataTable&Sequence_1"
      ],
      "ArgumentsSectionElementsOrder": [],
      "ConstantsSectionElementsOrder": [],
      "AddedNamespaces": null
    },
    {
      "Path": "99_복습/03.DT추출_네이버뉴스_복습.xaml",
      "SortBy": 0,
      "VariablesSectionElementsOrder": [
        "dt뉴스&Sequence_1"
      ],
      "ArgumentsSectionElementsOrder": [],
      "ConstantsSectionElementsOrder": [],
      "AddedNamespaces": null
    },
    {
      "Path": "02_실습/03.DT추출_반복문_네이버뉴스.xaml",
      "SortBy": 0,
      "VariablesSectionElementsOrder": [
        "dt테이블&Sequence_1",
        "str검색어&Sequence_1",
        "arr검색어&Sequence_1"
      ],
      "ArgumentsSectionElementsOrder": [],
      "ConstantsSectionElementsOrder": [],
      "AddedNamespaces": null
    },
    {
      "Path": "01_이론/03.DT추출및가공_네이버코스피.xaml",
      "SortBy": 0,
      "VariablesSectionElementsOrder": [
        "dt코스피_필터완료&Sequence_1",
        "dt코스피_원본&Sequence_1"
      ],
      "ArgumentsSectionElementsOrder": [],
      "ConstantsSectionElementsOrder": [],
      "AddedNamespaces": null
    },
    {
      "Path": "02_실습/03.DT추출및가공_네이버코스닥.xaml",
      "SortBy": 0,
      "VariablesSectionElementsOrder": [
        "dt코스닥카피만&Sequence_1",
        "dt필터중&Sequence_1",
        "dt코스닥_필터완료&Sequence_1",
        "dt코스닥_원본&Sequence_1"
      ],
      "ArgumentsSectionElementsOrder": [],
      "ConstantsSectionElementsOrder": [],
      "AddedNamespaces": null
    },
    {
      "Path": "03_ACME/01.ACME_Login.xaml",
      "SortBy": 0,
      "VariablesSectionElementsOrder": [
        "bl로그아웃존재여부&Sequence_1",
        "sstrPW&Sequence_1",
        "strName&Sequence_1"
      ],
      "ArgumentsSectionElementsOrder": [],
      "ConstantsSectionElementsOrder": [],
      "AddedNamespaces": null
    },
    {
      "Path": "01_이론/04.예외처리.xaml",
      "SortBy": 0,
      "VariablesSectionElementsOrder": [
        "bl쥐메일버튼여부&Sequence_1"
      ],
      "ArgumentsSectionElementsOrder": [],
      "ConstantsSectionElementsOrder": [],
      "AddedNamespaces": null
    },
    {
      "Path": "02_실습/03.DT추출및가공_KBO.xaml",
      "SortBy": 0,
      "VariablesSectionElementsOrder": [
        "arr선수&Sequence_1",
        "dt선수기록&Sequence_1",
        "str포지션&Sequence_1",
        "str선수기록&Sequence_1",
        "dt선수기록_필터&Sequence_1",
        "str숫자&Sequence_1"
      ],
      "ArgumentsSectionElementsOrder": [],
      "ConstantsSectionElementsOrder": [],
      "AddedNamespaces": null
    },
    {
      "Path": "02_실습/06.DT추출및가공_네이버쇼핑.xaml",
      "SortBy": 0,
      "VariablesSectionElementsOrder": [
        "str상품명&Sequence_13",
        "dt네이버쇼핑&Sequence_1",
        "dt필터&Sequence_1",
        "str검색어&Sequence_1",
        "arr검색어&Sequence_1"
      ],
      "ArgumentsSectionElementsOrder": [],
      "ConstantsSectionElementsOrder": [],
      "AddedNamespaces": null
    },
    {
      "Path": "03_ACME/02.ACME_WI진입.xaml",
      "SortBy": 0,
      "VariablesSectionElementsOrder": [],
      "ArgumentsSectionElementsOrder": [],
      "ConstantsSectionElementsOrder": [],
      "AddedNamespaces": null
    },
    {
      "Path": "03_ACME/03.ACME_WI_전체DT추출.xaml",
      "SortBy": 0,
      "VariablesSectionElementsOrder": [
        "dtWorkitems&Sequence_1",
        "dtWorkitems_필터중&Sequence_1",
        "arr컬럼&Sequence_1"
      ],
      "ArgumentsSectionElementsOrder": [],
      "ConstantsSectionElementsOrder": [],
      "AddedNamespaces": null
    },
    {
      "Path": "03_ACME/04.ACME_Client정보추출.xaml",
      "SortBy": 0,
      "VariablesSectionElementsOrder": [
        "strClientCountry&Sequence_41",
        "strClientName&Sequence_41",
        "strClientID&Sequence_41",
        "dtWI5&Sequence_1",
        "strWIID&Sequence_1",
        "arrClientData&Sequence_1",
        "strClientData&Sequence_1",
        "idx&Sequence_1",
        "intDataIndex&Sequence_1",
        "dtClientData_Filter&Sequence_1"
      ],
      "ArgumentsSectionElementsOrder": [],
      "ConstantsSectionElementsOrder": [],
      "AddedNamespaces": null
    },
    {
      "Path": "01_이론/03.DT값추출_값치환.xaml",
      "SortBy": 0,
      "VariablesSectionElementsOrder": [
        "dt테스트&Sequence_1",
        "dt확인&Sequence_1"
      ],
      "ArgumentsSectionElementsOrder": [],
      "ConstantsSectionElementsOrder": [],
      "AddedNamespaces": null
    },
    {
      "Path": "03_ACME/05.SHA1_Hash수집.xaml",
      "SortBy": 0,
      "VariablesSectionElementsOrder": [
        "dtWI5&Sequence_1",
        "strClientID&Sequence_1",
        "strClientName&Sequence_1",
        "strClientCountry&Sequence_1",
        "strHash&Sequence_1"
      ],
      "ArgumentsSectionElementsOrder": [],
      "ConstantsSectionElementsOrder": [],
      "AddedNamespaces": null
    },
    {
      "Path": "03_ACME/06.ACME_UpdateWorkItem.xaml",
      "SortBy": 0,
      "VariablesSectionElementsOrder": [
        "strType&Sequence_1",
        "strStatus&Sequence_1",
        "strHash&Sequence_1",
        "strWIID&Sequence_1",
        "strStatus_Before&Sequence_1",
        "strWIID_Before&Sequence_1",
        "strStatus_After&Sequence_1",
        "strComments_After&Sequence_1",
        "arrAccountInfo_After&Sequence_1",
        "strAccountInfo_After&Sequence_1",
        "arrAlert&Sequence_1",
        "strAlert&Sequence_1",
        "strAccountInfo&Sequence_1",
        "lstAccountInfo&Sequence_1",
        "dtWI5&Sequence_1"
      ],
      "ArgumentsSectionElementsOrder": [],
      "ConstantsSectionElementsOrder": [],
      "AddedNamespaces": null
    },
    {
      "Path": "03_ACME/07.ACME_작업확인.xaml",
      "SortBy": 0,
      "VariablesSectionElementsOrder": [
        "dtPage_Clone&Sequence_1",
        "dtPage&Sequence_1"
      ],
      "ArgumentsSectionElementsOrder": [],
      "ConstantsSectionElementsOrder": [],
      "AddedNamespaces": null
    },
    {
      "Path": "Mail/01.SMTP_메일발송.xaml",
      "SortBy": 0,
      "VariablesSectionElementsOrder": [
        "sstrPW&Sequence_1",
        "strEmail&Sequence_1",
        "str파일첨부&Sequence_1"
      ],
      "ArgumentsSectionElementsOrder": [],
      "ConstantsSectionElementsOrder": [],
      "AddedNamespaces": null
    },
    {
      "Path": "04_Jobs/07.ACME_작업확인.xaml",
      "SortBy": 0,
      "VariablesSectionElementsOrder": [
        "dtPage_검증&Sequence_1",
        "intDtRows_검증&Sequence_1",
        "dtPage&Sequence_1"
      ],
      "ArgumentsSectionElementsOrder": [
        "in_intDtRows"
      ],
      "ConstantsSectionElementsOrder": [],
      "AddedNamespaces": null
    },
    {
      "Path": "01_이론/06.인수.xaml",
      "SortBy": 0,
      "VariablesSectionElementsOrder": [
        "str확인용&Sequence_1",
        "dt확인용&Sequence_1",
        "dt테스트&Sequence_1",
        "int나이&Sequence_1",
        "str이름&Sequence_1"
      ],
      "ArgumentsSectionElementsOrder": [],
      "ConstantsSectionElementsOrder": [],
      "AddedNamespaces": null
    },
    {
      "Path": "01_이론/06.인수2.xaml",
      "SortBy": 0,
      "VariablesSectionElementsOrder": [],
      "ArgumentsSectionElementsOrder": [
        "out_dt확인용",
        "in_dt테스트",
        "out_int나이",
        "in_str이름"
      ],
      "ConstantsSectionElementsOrder": [],
      "AddedNamespaces": null
    },
    {
      "Path": "04_Jobs/00.Main_ACME.xaml",
      "SortBy": 0,
      "VariablesSectionElementsOrder": [
        "dtWI5&Sequence_1",
        "intDtRows&Sequence_1"
      ],
      "ArgumentsSectionElementsOrder": [],
      "ConstantsSectionElementsOrder": [],
      "AddedNamespaces": null
    },
    {
      "Path": "Mail/02.IMAP_메일수신.xaml",
      "SortBy": 0,
      "VariablesSectionElementsOrder": [
        "str첨부파일이름&Sequence_1",
        "inu첨부파일&Sequence_1",
        "lstMail메세지&Sequence_1",
        "sstrPW&Sequence_1",
        "strID&Sequence_1"
      ],
      "ArgumentsSectionElementsOrder": [],
      "ConstantsSectionElementsOrder": [],
      "AddedNamespaces": null
    },
    {
      "Path": "04_Jobs/01.ACME_Login.xaml",
      "SortBy": 0,
      "VariablesSectionElementsOrder": [
        "strName&Sequence_1",
        "sstrPW&Sequence_1",
        "bl로그아웃존재여부&Sequence_1"
      ],
      "ArgumentsSectionElementsOrder": [],
      "ConstantsSectionElementsOrder": [],
      "AddedNamespaces": null
    },
    {
      "Path": "04_Jobs/02.ACME_WI진입.xaml",
      "SortBy": 0,
      "VariablesSectionElementsOrder": [],
      "ArgumentsSectionElementsOrder": [],
      "ConstantsSectionElementsOrder": [],
      "AddedNamespaces": null
    },
    {
      "Path": "04_Jobs/03.ACME_WI_전체DT추출.xaml",
      "SortBy": 0,
      "VariablesSectionElementsOrder": [
        "dtWorkitems&Sequence_1",
        "arr컬럼&Sequence_1"
      ],
      "ArgumentsSectionElementsOrder": [
        "out_dtWI5"
      ],
      "ConstantsSectionElementsOrder": [],
      "AddedNamespaces": null
    },
    {
      "Path": "04_Jobs/04.ACME_Client정보추출.xaml",
      "SortBy": 0,
      "VariablesSectionElementsOrder": [
        "idx&Sequence_5",
        "strWIID&Sequence_1",
        "arrClientData&Sequence_1",
        "strClientData&Sequence_1",
        "intDataIndex&Sequence_1"
      ],
      "ArgumentsSectionElementsOrder": [
        "io_CurrentRow",
        "out_intDtRows",
        "in_dtWI5",
        "out_dtClientData_Filter"
      ],
      "ConstantsSectionElementsOrder": [],
      "AddedNamespaces": null
    },
    {
      "Path": "04_Jobs/05.SHA1_Hash수집.xaml",
      "SortBy": 0,
      "VariablesSectionElementsOrder": [
        "strClientID&Sequence_1",
        "strClientName&Sequence_1",
        "strClientCountry&Sequence_1",
        "strHash&Sequence_1"
      ],
      "ArgumentsSectionElementsOrder": [
        "io_dtWI5"
      ],
      "ConstantsSectionElementsOrder": [],
      "AddedNamespaces": null
    },
    {
      "Path": "04_Jobs/06.ACME_UpdateWorkItem.xaml",
      "SortBy": 0,
      "VariablesSectionElementsOrder": [
        "strWIID&Sequence_1",
        "strHash&Sequence_1"
      ],
      "ArgumentsSectionElementsOrder": [
        "in_dtWI5"
      ],
      "ConstantsSectionElementsOrder": [],
      "AddedNamespaces": null
    },
    {
      "Path": "01_이론/07.Control_Flow_Switch.xaml",
      "SortBy": 0,
      "VariablesSectionElementsOrder": [
        "idx&Sequence_1",
        "str인풋값&Sequence_1",
        "arr요일&Sequence_1"
      ],
      "ArgumentsSectionElementsOrder": [],
      "ConstantsSectionElementsOrder": [],
      "AddedNamespaces": null
    },
    {
      "Path": "01_이론/07.Control_Flow_플로우차트.xaml",
      "SortBy": 0,
      "VariablesSectionElementsOrder": [
        "str게임종료여부&Flowchart_1",
        "int입력값&Flowchart_1",
        "int랜덤숫자&Flowchart_1"
      ],
      "ArgumentsSectionElementsOrder": [],
      "ConstantsSectionElementsOrder": [],
      "AddedNamespaces": null
    },
    {
      "Path": "01_이론/08.링큐문.xaml",
      "SortBy": 0,
      "VariablesSectionElementsOrder": [
        "str텍스트&Sequence_1",
        "dt테스트&Sequence_1"
      ],
      "ArgumentsSectionElementsOrder": [],
      "ConstantsSectionElementsOrder": [],
      "AddedNamespaces": null
    },
    {
      "Path": "Mail/02.CreateHTML.xaml",
      "SortBy": 0,
      "VariablesSectionElementsOrder": [
        "arr파일첨부&Sequence_1",
        "str제목&Sequence_1",
        "str본문&Sequence_1",
        "str파일첨부&Sequence_1",
        "sstrPW&Sequence_1",
        "strEmail&Sequence_1",
        "strHTML&Sequence_1",
        "dtResult&Sequence_1"
      ],
      "ArgumentsSectionElementsOrder": [],
      "ConstantsSectionElementsOrder": [],
      "AddedNamespaces": null
    }
  ]
}